title,company,description,location,date_posted,extracted_skills
Software Engineer Intern,Branch International,"Branch Overview Branch is a leading AI-powered lending fintech with 50M downloads across India and Africa. We use alternative data and machine learning to expand financial access for millions of people traditionally excluded from the formal financial system. Founded by the former CEO of Kiva.org and backed by leading investors including Andreessen Horowitz, Visa, and the IFC, Branch combines mission-driven impact with world-class technology and scale. In India, Branch operates as a regulated di…",India,2026-08-04T19:40:05Z,['machine learning']
Software Engineering Intern,Coderwing,Software Engineering Intern Type Internship Location Indore Madhya Pradesh CoderWing is looking for enthusiastic and motivated Software Engineering Interns who are passionate about programming and eager to build realworld software development skills This internship is designed for students recent graduates and freshers who want handson experience by working on live projects under the guidance of experienced mentors This is an excellent opportunity to strengthen your technical skills collaborate…,"Indore, Madhya Pradesh",2026-08-18T07:15:47Z,[]
Software Engineering Internship,Qualcomm,Qualcomm is hiring for the role of Software Engineering Intern Requirements Masters Computer Science Engineering Communication Engineering ECE Development of realtime embedded software and device drivers Knowledge of Mobile SW development for Windows Mobile Android or Linux Good understanding of OS concepts Data structures etc Knowledge of C C and object oriented design Knowledge of Wireless network standards such as CDMA GSM UMTS LTE Knowledge of Linux UNIX Linux Drivers Linux Kernel Developme…,"Chennai, Tamil Nadu",2026-08-25T07:17:27Z,"['c', 'linux', 'data structures']"
Software Engineer Intern,Coinbase India Services,"Job Description: Coinbase is seeking software engineer interns to join our team to build out the next generation of crypto-forward products and features. You will solve unique, large scale, highly complex technical problems, bridging the constraints posed by web-scale applications and blockchain technology. You will help build the next generation of systems to make cryptocurrency accessible to everyone across the globe, operating real-time applications with high frequency, low latency updates, …",India,2026-07-16T07:22:54Z,[]
Software Engineer- Intern,Blueberry Digital Labs,"Blueberry Digital Labs is seeking a highly motivated Software Engineer Intern to join our E-commerce Development Team. This is a critical role where you will play a key part in designing and developing an amazing website. You'll be part of an extremely talented, creative, and focused group, gaining invaluable hands-on experience by taking on responsibility for the development, testing, and deployment of code . What You Will Do: Key Responsibilities Work on the E-commerce Development Team to des…","Hyderabad, Telangana",2026-07-19T07:23:53Z,[]
Software Engineer Intern,KutukamAI,Company Description Kutukam AI is an Information Technology and Artificial Intelligence firm focused on turning complex technology into practical tools for business growth The company designs accessible scalable AI and IT solutions for organizations ranging from small startups to large global enterprises Kutukam AI helps businesses integrate AI into daily operations to automate workflows extract datadriven insights and build resilient software architectures tailored to each industry The team em…,India,2026-08-25T07:17:26Z,[]
Software Engineer Intern,Genrobotics,Brief Support the software development team in the design development testing and maintenance of software applications and system features Assist in coding debugging documentation and implementation of software solutions while gaining handson experience in realtime projects and modern technologies Collaborate with crossfunctional teams to ensure timely delivery of highquality software solutions aligned with business and project requirements Job Summary The Software Engineer Intern will work clo…,"Thiruvananthapuram, Kerala",2026-08-18T07:15:47Z,[]
Software Engineering Intern,EdZola,We are hiring our next batch of fulltime Software Engineering Interns at EdZola for our Coimbatore office This hiring cycle feels particularly important to me Over the last few years I have had the opportunity to see EdZola grow from a small team taking on individual technology projects into an organisation building systems platforms and AIenabled products for nonprofits and missiondriven organisations More importantly I have witnessed the growth of people within EdZola I have seen young engine…,"Coimbatore, Tamil Nadu",2026-08-18T07:15:48Z,[]
Software Engineering INTERN,Microsoft Corporation,"Overview Come build community, explore your passions and do your best work at Microsoft with thousands of University interns from every corner of the world. This opportunity will allow you to bring your aspirations, talent, potential-and excitement for the journey ahead. As a Software Engineering Intern, you will work with teammates to solve problems and build innovative software solutions. You will apply your passion for customers and product quality as you provide technical guidance to Techni…",India,2026-06-25T10:29:16Z,[]
Software Engineer Intern,Indian AI Research Organisation IAIRO,IAIRO is building foundational AI capability for India in the public interest Our health programme develops responsible AI systems that support clinicians researchers publichealth institutions and individuals seeking personalized daily guidance As a Software Engineer Intern you will help build data pipelines AIenabled services and lightweight MVPs inspired by AI Hospital Agent Hospital Personal Health Insights Agents Personicle and Personal Care Utility You will work with engineers and domain e…,"Gandhinagar, Gujarat",2026-08-18T07:15:47Z,[]
"Software Engineer, Intern",Stripe,"Who we are About Stripe Stripe is a financial infrastructure platform for businesses. Millions of companies—from the world’s largest enterprises to the most ambitious startups—use Stripe to accept payments, grow their revenue, and accelerate new business opportunities. Our mission is to increase the GDP of the internet, and we have a staggering amount of work ahead. That means you have an unprecedented opportunity to put the global economy within everyone’s reach while doing the most important …","Bangalore, Karnataka",2026-07-12T03:11:31Z,[]
Software Engineer Intern,Zybisys Consulting Services Llp,We are looking for passionate and motivated Associate Software Engineers who are eager to work on modern technologies including Full Stack Development AI ML Cloud Automation and InfrastructureAware Applications This role is ideal for fresh graduates who enjoy problemsolving building scalable applications researching emerging technologies and working closely with development and infrastructure teams You will gain handson exposure to modern software engineering practices cloud native development …,"Tiruchirappalli, Tamil Nadu",2026-08-18T07:15:47Z,[]
Software Engineering Intern,"SolutionInn, US","Skills Required Experience with AI/ML tools or frameworks. Knowledge of cloud platforms like AWS, Azure, or Google Cloud. Familiarity with Agile or Scrum methodologies. Required Qualifications Currently enrolled in or recently graduated from a degree program in Computer Science, Software Engineering, or a related field. Familiarity with front-end or back-end technologies, such as: Front-End: HTML, CSS, JavaScript, Back-End: Python (Django/Flask), Node.js, or PHP or PYTHON Databases: MySQL and R…","Ludhiana, Punjab",2026-08-21T07:39:07Z,"['python', 'javascript', 'mysql', 'node.js', 'django', 'flask', 'aws', 'azure', 'html', 'css', 'agile', 'scrum']"
Software Engineering Intern,"SolutionInn, US","Skills Required Experience with AI/ML tools or frameworks. Knowledge of cloud platforms like AWS, Azure, or Google Cloud. Familiarity with Agile or Scrum methodologies. Required Qualifications Currently enrolled in or recently graduated from a degree program in Computer Science, Software Engineering, or a related field. Familiarity with front-end or back-end technologies, such as: Front-End: HTML, CSS, JavaScript, Back-End: Python (Django/Flask), Node.js, or PHP or PYTHON Databases: MySQL and R…","Amritsar, Punjab",2026-08-21T07:39:09Z,"['python', 'javascript', 'mysql', 'node.js', 'django', 'flask', 'aws', 'azure', 'html', 'css', 'agile', 'scrum']"
Software Engineer Intern,Augle AI,Augle AI is a deeptech startup founded by IIT Bombay alumni building AI and 3D Visionpowered Robotics and Automation Systems for manufacturing companies We are developing the next generation of manufacturing technology flexible intelligent and adaptable to rapidly changing consumer demand Our solutions enable manufacturers to achieve new levels of efficiency by automating processes that were previously impossible with conventional technologies We serve a diverse range of industries including Au…,"Mumbai, Maharashtra",2026-08-04T06:48:40Z,[]
Software Engineering Intern,9th Bit Labs,"Dive into real-world data pipelines and help us extract meaningful insights from large datasets. You'll work on ingestion, transformation, and analytics systems that power our AI-driven products. Design and build scalable data pipelines using Python and SQL Work with databases (PostgreSQL, BigQuery, or similar) and data warehousing concepts Clean, transform, and visualise data to support product and business decisions Collaborate with the engineering team to integrate data workflows into AI pip…","Nagpur, Maharashtra",2026-08-05T21:36:09Z,"['python', 'sql', 'postgresql']"
Software Engineer Intern Kolkata,Yo Forex,Job Title Software Engineering Intern Trading Technology Location Central Kolkata Experience 06 months Education B Tech in Computer Science or Related Feild Stipend 5 000 to 12 000 We are seeking a highly motivated and technically curious Software Engineering Intern to join our development team This role is designed for a fresh B Tech graduate who is passionate about the intersection of finance and technology You will work on building debugging and optimizing highperformance trading tools and s…,"Kolkata, West Bengal",2026-08-18T07:15:47Z,[]
Quantum Software Engineer Intern,Log9 Materials,Join Log9 Materials in Hubballi as a Quantum Software Engineer Intern This entrylevel internship is designed for students and recent graduates who learn best by building shipping and getting real feedback on quantum computing work About the role As a Quantum Software Engineer Intern at Log9 Materials your core focus will be implementing and benchmarking quantum algorithms on simulators and hardware You are attached to a named mentor join the teams standups and reviews and are trusted with work …,"Bangalore, Karnataka",2026-08-25T07:17:26Z,['algorithms']
AINative Software Engineering Internship,Chegg,Chegg is actively hiring for the role of AINative Software Engineering Intern Responsibilities of the Intern Contribute to endtoend feature development from system design discussions through production delivery Collaborate with crossfunctional teams to break down requirements into clean shippable increments Participate in sprint ceremonies code reviews and technical discussions to build engineering judgment Work across the stack building user interfaces in React js Next js extending backend mic…,"Delhi, India",2026-07-10T06:25:15Z,"['react', 'system design']"
Software Engineer Intern Mumbai,ActenX,Company Description The company is a growing technology organization focused on building reliable scalable software solutions for a variety of business needs Team members collaborate across engineering product and design to deliver applications that are userfriendly and performancedriven The work environment values continuous learning mentorship and handson experience with modern development practices Interns are encouraged to contribute ideas take ownership of projects and develop their skills…,"Mumbai, Maharashtra",2026-08-04T06:48:40Z,[]
Software Engineering Apprentice Program,Perceptive,Were on a mission to change the future of clinical research At Perceptive we help the biopharmaceutical industry bring medical treatments to the market faster Our mission is to change the world but to do this we need people like you Apart from job satisfaction we can offer you HEALTH Medical plan for you and your dependents Personal Accident Insurance Life Insurance Critical illness cover WEALTH Salary structure and Flexi basket Provident fund of 12 Gratuity scheme YOURSELF Internal growth and …,"Hyderabad, Telangana",2026-07-10T06:25:16Z,[]
Software Engineer Intern Hyderabad,Electronic Arts,General Information Locations Hyderabad Telangana India Role ID 214959 Worker Type Intern Temporary Employee Studio Department CT Infrastructure Platform Work Model Hybrid Description Requirements Electronic Arts creates nextlevel entertainment experiences that inspire players and fans around the world Here everyone is part of the story Part of a community that connects across the globe A place where creativity thrives new perspectives are invited and ideas matter A team where everyone makes pl…,"Hyderabad, Telangana",2026-08-04T06:48:41Z,[]
AINative Software Engineering Internship,Chegg,Chegg is actively hiring for the role of AINative Software Engineering Intern Responsibilities of the Intern Contribute to endtoend feature development from system design discussions through production delivery Collaborate with crossfunctional teams to break down requirements into clean shippable increments Participate in sprint ceremonies code reviews and technical discussions to build engineering judgment Work across the stack building user interfaces in React js Next js extending backend mic…,"Delhi, India",2026-08-18T07:15:47Z,"['react', 'system design']"
Software Engineer Intern Raipur,CreditSea,Job Title Software Development Engineer Intern Location Raipur Chhattisgarh Onsite Company Innotech Creditsea Platform Pvt Ltd Employment Type FullTime About the Company Innotech Creditsea Platform Pvt Ltd is a fastgrowing fintech organization focused on delivering innovative financial solutions to businesses and individuals We leverage cutting edge technology to enhance financial services improve accessibility and create seamless user experiences Job Summary We are seeking a highly skilled and…,"Raipur, Chhattisgarh",2026-08-04T06:48:40Z,[]
Software Engineer Intern Paid,Ecera System,Company Description Ecera System is a staffing services provider that delivers industryleading employment solutions across a wide range of businesses The organization focuses on quickly matching the right talent to both permanent roles and shortterm projects using best practices and optimized recruiting strategies By leveraging modern technology advanced sourcing methods and a national reach Ecera System efficiently identifies and thoroughly verifies qualified candidates The company emphasizes …,"Bangalore, Karnataka",2026-08-18T07:15:47Z,[]
Embedded software engineer intern,SGF Labs,Company Description SGF Labs is a strategy and innovation consultancy that helps organizations solve complex problems and grow with confidence The team partners with startups founders and established businesses to bring clarity to systems stories and teams Work is organized in fast clear phases favoring live pilots over long planning cycles and collaborating closely within client constraints SGF Labs uses AI selectively focusing on speed accuracy and better decisions and tests solutions interna…,India,2026-08-25T07:17:26Z,[]
2026 Software Engineer Intern,remotepromsp,reputed company is the largest independent financial risk management advisory and technology firm As a Software Engineering Intern you will reputed company handson experience developing innovative financial applications while collaborating with reputed company engineers in a dynamic team environment ResponsibilitiesAssist with developing cuttingedge financial applications reputed company innovative highreputed company and robust reputed companyreputed company reputed company web applications an…,India,2026-08-18T07:15:47Z,[]
Software Engineering Apprentice Program,Perceptive,Were on a mission to change the future of clinical research At Perceptive we help the biopharmaceutical industry bring medical treatments to the market faster Our mission is to change the world but to do this we need people like you Apart from job satisfaction we can offer you HEALTH Medical plan for you and your dependents Personal Accident Insurance Life Insurance Critical illness cover WEALTH Salary structure and Flexi basket Provident fund of 12 Gratuity scheme YOURSELF Internal growth and …,"Hyderabad, Telangana",2026-08-25T07:17:27Z,[]
Software Engineer Intern MERN,Paathz,About Paathz Paathz is an AInative hospitality workforce platform connecting prevetted professionals with hotels and restaurants across Southeast Asia Europe and the Middle East We believe hospitality has a visibility problem not a labour shortage Our mission is to become the definitive crossborder talent corridor for the global hospitality industry The Role We are looking for a passionate Software Engineer Intern MERN eager to build realworld software products Youll work closely with experienc…,"Hyderabad, Telangana",2026-08-04T06:48:40Z,[]
Software Engineer Intern Gandhinagar,Indian AI Research Organisation IAIRO,IAIRO is building foundational AI capability for India in the public interest Our health programme develops responsible AI systems that support clinicians researchers publichealth institutions and individuals seeking personalized daily guidance As a Software Engineer Intern you will help build data pipelines AIenabled services and lightweight MVPs inspired by AI Hospital Agent Hospital Personal Health Insights Agents Personicle and Personal Care Utility You will work with engineers and domain e…,"Gandhinagar, Gujarat",2026-08-25T07:17:26Z,[]
Software Engineer Intern Pune,Augle Ai,About Augle AI Augle AI is a deeptech startup founded by IIT Bombay alumni building AI and 3D Visionpowered Robotics and Automation Systems for manufacturing companies We are developing the next generation of manufacturing technology adaptable intelligent and adaptable to rapidly changing consumer demand Our solutions enable manufacturers to achieve new levels of efficiency by automating processes that were previously impossible with conventional technologies We serve a diverse range of industr…,"Pune, Maharashtra",2026-07-21T06:40:25Z,[]
Software Engineer Intern Kolkata,Azymant Systems,Software Development Intern Location Kolkata Hybrid Duration 36 Months Extendable based on performance Type Internship About Azymant Systems Azymant Systems is a technology company focused on building creative enterprise software and AIpowered solutions We develop scalable products in areas such as ERP cloud computing automation and artificial intelligence Our mission is to solve realworld business problems through technology while fostering a culture of innovation and continuous learning About…,"Kolkata, West Bengal",2026-08-04T06:48:40Z,[]
Software Engineer(Intern)- Backend,Merkle Science,"⚡️ About Merkle Science Merkle Science provides blockchain transaction monitoring and intelligence solutions for web3 companies, digital asset service providers, financial institutions, law enforcement and government agencies to detect, investigate and prevent illicit use of cryptocurrencies. Our vision is to make cryptocurrencies safe and provide infrastructure for the safe and compliant growth of cryptocurrencies. Merkle Science is headquartered in New York with offices in Singapore, Bangalor…","Bangalore, Karnataka",2026-08-09T20:49:00Z,[]
Software Engineers Intern Immediate Start,Nameless,As a Software Engineers Intern at MTAB Technology Center P Ltd in Chennai you will have the opportunity to develop relevant skills in software engineering If you possess adaptability decisionmaking skills and the right initiative this is the perfect position for you This is a remote position Role Overview As a Software Engineers Intern your roles and responsibilities will include Key Responsibilities Design and develop software solutions Coordinate with team members to understand their requirem…,"Chennai, Tamil Nadu",2026-07-21T06:40:25Z,[]
Software Engineering Intern Indore India,CoderWing,Software Engineering Intern Type Internship Location Indore Madhya Pradesh CoderWing is looking for enthusiastic and motivated Software Engineering Interns who are passionate about programming and eager to build realworld software development skills This internship is designed for students recent graduates and freshers who want handson experience by working on live projects under the guidance of experienced mentors This is an excellent opportunity to strengthen your technical skills collaborate…,"Indore, Madhya Pradesh",2026-08-25T07:17:28Z,[]
Embedded Software Engineer Intern Kelavarapalli,Nameless,As an Embedded Software Engineer Intern at HyperHorizon you will develop firmware for mission critical AUV subsystems and collaborate with other teams and senior engineers in a dynamic and fast paced environment to ensure the reliability and performance of the product Roles Responsibilities Develop readable and scalable firmware for mission critical systems Develop robust device drivers that handle every edge case Collaborate with other teams and senior engineers to brainstorm new functionaliti…,"Chennai, Tamil Nadu",2026-08-04T06:48:40Z,[]
Full Stack Software Engineer Intern,GBJ BUZZ,Role OverviewGBJ BUZZ PRIVATE LIMITED is looking for a passionate Full Stack Software Engineer Intern to build modern scalable and userfriendly web applications You will work across frontend backend databases APIs and cloud technologies while contributing to live client and productbased projects ResponsibilitiesDevelop responsive and scalable web applications Build and integrate RESTful APIs Design and manage databases for web applications Implement authentication and user management Integrate …,"Nagpur, Maharashtra",2026-08-25T07:17:25Z,[]
Software Engineer Intern Web and Mobile,Lascade,Lascade is looking for passionate Software Engineer Interns who are eager to build realworld software products and learn from experienced engineers Were building AIpowered tools mobile applications travel technology subscription products and digital services used by customers around the world This isnt a typical internship From day one youll work on real products solve real problems and contribute to projects that reach thousands of users If youre passionate about technology and enjoy building …,"Ernakulam, Kerala",2026-08-18T07:15:46Z,[]
Software Engineer Intern Internship WFH,Naineet Tech,About the internship Are you a talented and ambitious software engineer intern with a passion for Java Python MS SQL Server SQL and Spring Boot Join our team at Naineet Tech where youll have the opportunity to work on cuttingedge projects and gain handson experience in a dynamic and collaborative environment Selected interns daytoday responsibilities include 1 Collaborate with the development team to design develop and implement software solutions using Java and Python 2 Use MS SQL Server to cr…,India,2026-08-04T06:48:42Z,"['python', 'java', 'sql']"
Software Engineering Intern Environment Data,Evaratus,Context Scaler AI labs is doing breakthrough work in helping models improve especially for enterprise use cases thus driving enterprise AI adoption Within a span of 6 months we are already working with each of the Frontier AI Lab behind top 5 AI Models on LMArena and doing revenue in double digit million dollars Our team includes two ICPC World Finalists along with engineers who have previously worked at leading companies and startups such as Meta Google Apple and others The work of the AI Lab …,"Bangalore, Karnataka",2026-08-18T07:15:48Z,[]
"[Backend, Onsite] Software Engineering Intern",Enterpret,"About Enterpret At Enterpret, we are building the customer intelligence platform that turns millions of raw, messy pieces of customer feedback into a structured, queryable source of truth, solving complex problems in natural language processing, serverless computing, and real-time analytics by applying first-principle thinking to systems that operate at massive scale. We are AI-native to the core. Our models, pipelines, and infrastructure are designed around AI from the ground up, and our engin…",India,2026-08-12T21:00:39Z,[]
Software Engineer Intern Madhya Pradesh,Endeavor IT Solution,About the Internship The selected intern s will work on following during the internship 1 Optimizing the opening time of official website which is WordPress based website and normally coded website 2 Redevelopment of a recent website with required graphics based on WordPress Who can apply Only those candidates can apply who 1 can start the internship 2 are available for duration of 2 months preferred not mandatory 3 are pursuing any degree but have relevant skills and interest 4 are currently i…,"Indore, Madhya Pradesh",2026-08-04T06:48:40Z,[]
Software Engineer Intern Bangalore Rural,Defy Technologies,Internship Duration 3 to 6Months Key Responsibilities Support software modules used in drone operations mission planning telemetry visualization and data processing Design develop test and maintain web and desktop applications Write clean efficient and welldocumented code Debug and optimize software performance Collaborate with software embedded systems and drone engineering teams Required Technical Skills Strong knowledge of programming fundamentals and ObjectOriented Programming OOP Knowledge…,"Bangalore, Karnataka",2026-08-25T07:17:26Z,[]
Software Engineering Intern - Frontend (React.js),CODEMONK,"We are seeking a motivated Frontend Development Intern with a solid foundation in React.js to contribute to our engineering team’s mission of building scalable, user-centric web applications. In this role, you will collaborate closely with cross-functional teams across infrastructure, design, and product to deliver high-quality, performant digital experiences. Responsibilities Design, develop, and implement responsive, user-facing features using React.js and modern frontend tooling. Architect a…","Bangalore, Karnataka",2026-08-20T07:10:43Z,['react']
Software Engineering Intern - Full Stack & AI,NSQTech Private Limited,"MPloyChek is a technology-led background verification platform owned and operated by NSQ Tech. We help employers conduct faster, more transparent and reliable employee screening. Start your engineering career by shipping real product features across MPloyChek's web platform and AI-enabled workflows. Responsibilities • Develop and test front-end and back-end features. • Work with JavaScript/TypeScript, APIs, Node.js and modern web frameworks. • Debug issues, write maintainable code and use Git i…","Chennai, Tamil Nadu",2026-08-19T07:11:05Z,"['javascript', 'typescript', 'node.js', 'git']"
2027 Software Engineering Intern IIT Roorkee,IMC Trading,Software Engineering Intern Are you someone who is passionate about challenging the status quo Do you enjoy the process of problem solving a process where you recognize areas of improvement and iterate and innovate to improve Does your curiosity and desire to learn drive you Role Overview If so then join IMC as a Software Engineer Intern At IMC Software Engineers dont just write software and design technology They are responsible for spotting new opportunities developing new technologies and so…,"Mumbai, Maharashtra",2026-07-21T06:40:25Z,[]
2027 Software Engineering Intern IIT Roorkee,IMC Trading,Software Engineering Intern Are you someone who is passionate about challenging the status quo Do you enjoy the process of problem solving a process where you recognize areas of improvement and iterate and innovate to improve Does your curiosity and desire to learn drive you Role Overview If so then join IMC as a Software Engineer Intern At IMC Software Engineers dont just write software and design technology They are responsible for spotting new opportunities developing new technologies and so…,"Mumbai, Maharashtra",2026-08-25T07:17:28Z,[]
Cloud Software Engineering Intern at CoreStack Technologies,CoreStack Technologies,CoreStack Technologies is hiring a Cloud Software Engineering Intern in Coimbatore CoreStack is a cloudgovernance product company providing an AIpowered platform that helps enterprises govern cloud operations security compliance and cost in real time It is a multicloud governance provider partnering with AWS Microsoft Azure Google Cloud and Oracle Cloud Headquartered in Bellevue Washington it runs R D operations in Chennai India This is a verified internship opportunity for students and recent …,"Coimbatore, Tamil Nadu",2026-06-29T06:21:23Z,"['aws', 'azure']"
Cloud Software Engineering Intern at CoreStack Technologies,CoreStack Technologies,CoreStack Technologies is hiring a Cloud Software Engineering Intern in Coimbatore CoreStack is a cloudgovernance product company providing an AIpowered platform that helps enterprises govern cloud operations security compliance and cost in real time It is a multicloud governance provider partnering with AWS Microsoft Azure Google Cloud and Oracle Cloud Headquartered in Bellevue Washington it runs R D operations in Chennai India This is a verified internship opportunity for students and recent …,"Coimbatore, Tamil Nadu",2026-08-18T07:15:47Z,"['aws', 'azure']"
Software Engineering Intern Backend Full Stack,Rubrixai,We are looking for passionate and driven Software Engineering Interns to join our engineering team As an intern you will work on realworld productionoriented applications alongside experienced engineers This is not a shadowing roleyou will own meaningful tasks contribute to live projects and gain handson experience across the software development lifecycle If you enjoy solving problems writing clean code and building scalable applications wed love to hear from you Key Responsibilities Develop a…,"Hyderabad, Telangana",2026-08-18T07:15:47Z,[]
Embedded Software Engineer Intern Kelavarapalli Chennai,Nameless,As an Embedded Software Engineer Intern at HyperHorizon you will develop firmware for mission critical AUV subsystems and collaborate with other teams and senior engineers in a energetic and fast paced environment to ensure the reliability and performance of the product Roles Responsibilities Develop readable and scalable firmware for mission critical systems Develop robust device drivers that handle every edge case Collaborate with other teams and senior engineers to brainstorm new functionali…,"Chennai, Tamil Nadu",2026-08-25T07:17:26Z,[]
Chegg India Software Engineer Intern 2026,StudyECart Technologies Pvt Ltd,Software Engineer Intern AINative Engineering at Chegg India Jasola New Delhi Delhi 6 LPA Est Stipend Equivalent B E B Tech M E M Tech MCA Posted Date June 19 2026 Apply Before August 18 2026 About Chegg Chegg India Chegg is a publiclyheld globally dominant educational technology giant based in California USA traded on the NYSE under the symbol CHGG With a strict and passionate focus on putting students first Cheggs core mission is to empower every single student to achieve their absolute best …,"Delhi, India",2026-08-04T06:48:40Z,[]
Software Engineering Internship – AI & Quantum Computing,Qrvantis,"About QRVANTIS QRVANTIS is developing innovative solutions at the intersection of Artificial Intelligence, Quantum Computing, Automation, and Next-Generation Software Systems. We are seeking highly motivated interns who desire real industry exposure and the opportunity to work on impactful projects from day one. Why Join QRVANTIS? Unlike traditional internships where interns spend months learning before contributing, at QRVANTIS you will be involved in real projects, real products, and real pro…","Haryana, India",2026-06-30T14:52:21Z,[]
Software Engineering Intern Mobile App Development,Thinkhumble Creative Solutions,Think Humble a revolutionary AIpowered learning platform is seeking a talented Software Engineering Intern to join our dynamic team In this 36 month internship with potential for extension youll have the opportunity to Contribute to cuttingedge projects Whether its crafting sleek mobile app features or delving into the complexities of machine learning algorithms youll play a vital role in shaping the future of our platform Learn from worldclass mentors Youll be surrounded by passionate experien…,"Delhi, India",2026-08-25T07:17:28Z,"['machine learning', 'algorithms']"
Front End Software Engineering Intern India,LeapMile Logistics Private Limited QikPod,We are looking for software engineering interns to work on frontend UI and no low code frameworks for our product development team You will be a member of our product team cocrafting innovative user exeperiences for our robotics automation systems and solutions To excel in this role you should have good programming skills a desire to work on frontend technologies an understanding of REST interfaces and a willingness to quickly learn new no low code technology platforms Requirements Education Ba…,India,2026-08-18T07:15:48Z,[]
2026 Software Engineering Internship India Karnataka,Uber,GreatMindsDon tThinkAlike At Uber we take pride in our diversity and working setting that sees you as more than just a person that can do the job but a unique individual that can level up our organization with a perspective only you can offer Uber provides a truly open culture that encourages all to voice their thoughts About the Role As an Uber Intern you ll have a direct impact on the customer experience for both riders and drivers Do you like our service and want to bring them to the next le…,India,2026-08-18T07:15:48Z,[]
2 x Software Engineer Intern - ReactJS,ElevateHQ,"We are a B2B SaaS company that is re-imagining how companies use sales incentives to motivate their employees. We believe great results are only achieved when people are motivated - and our product is nothing but an extension of that philosophy. On a more day-to-day level, our product takes away the ambiguity and grunt-work behind manual sales incentive calculation, and allows companies to experiment with incentive plans that actually work for every employee - and not just top performers. We ar…",India,2021-08-20T23:09:12Z,[]
Software Engineering Intern Factory AI and Automation,LaCie Seagate,About our group Our GFIT Software Development team in Wuxi supports Seagates factory digital transformation by delivering MESrelated applications manufacturing software data solutions and automation capabilities for real production operations We focus on applying AI GenAI analytics computer vision and workflow automation to improve factory efficiency process visibility troubleshooting and smart manufacturing decisionmaking As an intern you will work with experienced engineers and factory stakeh…,India,2026-08-18T07:15:48Z,[]
Software Engineering Intern Summer 2027 Hyderabad,Google,Who Should Apply Current students pursuing a Bachelors Masters or Dual Degree in Computer Science or a related technical field Resume CV Upload your most recent resume in the Resume Section Transcript Upload a current official or unofficial transcript in English version in the Education Section Note Please select Now attending under Degree Status to enable the transcript upload option Minimum qualifications Currently pursuing a Bachelors Masters or Dual degree program in Computer Science or a r…,"Hyderabad, Telangana",2026-08-18T07:15:47Z,[]
Remote Software Engineer Intern reputed companyProduct,FlexBoard,Note The job is a remote job and is reputed company to candidates in USA reputed company is the leading destination for shortreputed company mobile video and they are seeking talented individuals for an internship in their Customer Service Platform team The role involves reputed companyend development understanding business requirements and optimizing development models to enhance user experience and satisfaction Responsibilities Responsible for reputed companyend development of the reputed com…,India,2026-08-18T07:15:47Z,[]
Software Engineering Intern Environment Engineering Bengaluru,Evaratus,Context Scaler AI labs is doing breakthrough work in helping models improve especially for enterprise use cases thus driving enterprise AI adoption Within a span of 6 months we are already working with each of the Frontier AI Lab behind top 5 AI Models on LMArena and doing revenue in double digit million dollars Our team includes two ICPC World Finalists along with engineers who have previously worked at leading companies and startups such as Meta Google Apple and others The work of the AI Lab …,"Bangalore, Karnataka",2026-08-04T06:48:42Z,[]
Cloud Software Engineering Intern at CoreStack Technologies Coimbatore,CoreStack Technologies,CoreStack Technologies is hiring a Cloud Software Engineering Intern in Coimbatore CoreStack is a cloudgovernance product company providing an AIpowered platform that helps enterprises govern cloud operations security compliance and cost in real time It is a multicloud governance provider partnering with AWS Microsoft Azure Google Cloud and Oracle Cloud Headquartered in Bellevue Washington it runs R operations in Chennai India This is a verified internship opportunity for students and recent gr…,"Coimbatore, Tamil Nadu",2026-08-04T06:48:42Z,"['aws', 'azure']"
Software Engineering Intern No Code Development WFO rewardbased,T S Project Eagle,Software Engineering Intern No Code Development ALTERNATE TITLES Low Code Developer No Code Engineer DEPARTMENT Technology COMPANY Sanghi Tech REPORT TO Business Operations Manager The NoCode developer will be responsible for developing applications using a nocode development platform setting up and configuring systems for both internal and external stakeholders Prerequisites wed like you to have You are naturally drawn to understanding technology and are convinced that nocode is the future of …,"Jaipur, Rajasthan",2026-08-04T06:48:43Z,[]
Software Engineering Intern Backe Python Dgo Gurugram,Songdew,As a Backend Engineering Intern at Songdew you will have the opportunity to work on building scalable web applications and solving realworld engineering challenges You will collaborate closely with experienced developers and product managers to enhance the core modules of Songdews technology platform Successful interns may even have the chance to transition into a fulltime Software Engineer position upon completion of the internship Role Overview You will be responsible for developing and maint…,India,2026-07-10T06:25:15Z,[]
Software Engineering Intern Web or Mobile Track Auto Nagar,Fugen Webtech,Job Title Software Engineering Intern Web or Mobile Track Company Fugen Webtech Location Vijayawada Stipend Upto 5 000 Job Type Internship Fulltime WFO About the Role We are looking for motivated Software Engineering Interns to join our engineering team Whether you specialize in web technologies or mobile app development you will get handson experience building testing and optimizing dynamic applications alongside experienced developers Key Responsibilities Build maintain and test web or mobile…,India,2026-08-25T07:17:28Z,[]
Software Engineering Intern SI and Agentic AI Platform Bengaluru,Sanas,About the role We are hiring four Software Engineering Interns Each intern will have a primary track with shared onboarding on the Speech Intelligence platform so everyone understands how calls move from desktop Portal SCI insights Qualifications Required Pursuing a BS MS in Computer Science Electrical Engineering Data Science or related field or equivalent experience Solid programming in at least one of Python Go or TypeScript React Comfort with APIs data structures and debugging Curiosity abo…,"Bangalore, Karnataka",2026-08-04T06:48:44Z,"['python', 'typescript', 'react', 'data structures']"
Software Engineer Intern Full Stack AI Digital Marketing,orbitronx,Software Engineer Intern Full Stack AI Digital Marketing Location Remote Hybrid India Internship Duration 3 Months Unpaid Employment Type Internship PerformanceBased FullTime Opportunity About the Internship We are looking for passionate and selfmotivated Software Engineer Interns who are eager to build realworld products and gain handson industry experience This internship offers exposure to Full Stack Development AI Agent Development Cloud Technologies and Digital Marketing If you enjoy learn…,India,2026-08-18T07:15:47Z,[]
Software Engineering Intern SI and Agentic AI Platform India,Sanas,Sanas is pioneering the future of human communication Founded by a team of Stanford researchers and entrepreneurs with deep industry experience Sanas has developed the worlds first realtime speech AI platform capable of accent translation noise cancellation speech enhancement crosslanguage communication and more Sanas makes conversations clearer more inclusive and more effective removing barriers that prevent people from being understood regardless of accent background noise or native language …,India,2026-08-25T07:17:28Z,[]
Software Engineering Intern Apple Ads machine Learning Telangana,Apple,People at Apple don t just build products they craft the kind of experience that has revolutionised entire industries The diverse collection of our people and their ideas encourages innovation in everything we do Imagine what you could do here Join Apple and help us leave the world better than we found it At Apple recent ideas have a way of becoming extraordinary products services and customer experiences very quickly Every single day people do amazing things at Apple Imagine what you could do …,"Hyderabad, Telangana",2026-08-18T07:15:47Z,[]
Software Engineering Intern Backe Python Dgo Gurugram India,Songdew,As a Backend Engineering Intern at Songdew you will have the opportunity to work on building scalable web applications and solving realworld engineering challenges You will collaborate closely with experienced developers and product managers to enhance the core modules of Songdews technology platform Successful interns may even have the chance to transition into a fulltime Software Engineer position upon completion of the internship Role Overview You will be responsible for developing and maint…,India,2026-08-04T06:48:42Z,[]
Software Engineer Intern Full Stack AI Digital Marketing India,orbitronx,Software Engineer Intern Full Stack AI Digital Marketing Location Remote Hybrid India Internship Duration 3 Months Unpaid Employment Type Internship PerformanceBased FullTime Opportunity About the Internship We are looking for passionate and selfmotivated Software Engineer Interns who are eager to build realworld products and gain handson industry experience This internship offers exposure to Full Stack Development AI Agent Development Cloud Technologies and Digital Marketing If you enjoy learn…,India,2026-08-18T07:15:46Z,[]
Remote Online Assessment Software Engineer Intern NoSQL Databases 2026,remote zest jobs,Note The job is a remote job and is reputed company to candidates in USA reputed company is a leading technology company reputed company for its innovative products including reputed company They are seeking an intern to join their database R D team where the intern will reputed company kernel modules for distributed database systems and solve reputed company reputed company infrastructure problems Responsibilities reputed company kernel modules or features for distributed database systemsSolve…,India,2026-08-18T07:15:47Z,[]
Software Engineer Intern Data Engineering 2026 Graduates Only Chennai,Leading,Confidence can sometimes hold us back from applying for a job Heres a secret theres no such thing as a perfect candidate Poshmark is looking for exceptional people who want to make a positive impact through their work and help create an organization where everyone can thrive So whatever background you bring with you please apply if this role would make you excited to come to work every day The Big Data team at Poshmark plays a central role in enabling datadriven decision making across the organ…,"Chennai, Tamil Nadu",2026-08-04T06:48:41Z,[]
Software Engineer Intern Data Engineering 2026 Graduates Only Chennai,Leading,Confidence can sometimes hold us back from applying for a job Heres a secret theres no such thing as a perfect candidate Poshmark is looking for exceptional people who want to make a positive impact through their work and help create an organization where everyone can thrive So whatever background you bring with you please apply if this role would make you excited to come to work every day The Big Data team at Poshmark plays a central role in enabling datadriven decision making across the organ…,"Chennai, Tamil Nadu",2026-08-25T07:17:26Z,[]
Software Development Engineering Internship,Naineet Tech,About the internship Are you a talented and ambitious software engineer intern with a passion for Java Python MS SQL Server SQL and Spring Boot Join our team at Naineet Tech where youll have the opportunity to work on cuttingedge projects and gain handson experience in a dynamic and collaborative environment Selected interns daytoday responsibilities include 1 Collaborate with the development team to design develop and implement software solutions using Java and Python 2 Use MS SQL Server to cr…,"Noida, Ghaziabad",2026-08-25T07:17:26Z,"['python', 'java', 'sql']"
Software Development Engineer Intern,Jelly Card,About the Company- We want retailers/brands/merchants to pay their customers instead of paying social media giants for marketing. Our mission is to bring financial and marketing power back to retailers and shoppers by reducing and rerouting the humongous marketing spends back into the customer's pocket. About the Internship: selected intern's day-to-day responsibilities include: 1. Develop server-side/client-side applications. 2. Basic knowledge of Data structures. 3. Test and document the deve…,"Bangalore, Karnataka",2022-07-12T06:40:44Z,['data structures']
Software Engineering Fellowship Internship,Utpatti,About the internshipUtpatti The Finishing School is a handson fellowship designed to bridge the gap between academics and industry through realworld business experience Instead of working on practice projects you will contribute to live products while receiving structured mentorship and direct guidance from our CEOAs a Software Engineering Fellow you will design develop test and deploy software solutions while working on live products across multiple companies You will collaborate with engineer…,"Hyderabad, Telangana",2026-08-25T07:17:27Z,[]
Software Engineering Fellowship Internship,Utpatti,About the internship Utpatti The Finishing School is a handson fellowship designed to bridge the gap between academics and industry through realworld business experience Instead of working on practice projects you will contribute to live products while receiving structured mentorship and direct guidance from our CEO As a Software Engineering Fellow you will design develop test and deploy software solutions while working on live products across multiple companies You will collaborate with engine…,"Hyderabad, Telangana",2026-08-18T07:15:47Z,[]
Red Hat Internship 2026 Software Engineering Intern High Salary Tech,Freshers Dunia,Red Hat Internship 2026 is inviting applications for the position of Software Engineering Intern in Bangalore Pune India Candidates from the 2023 2024 2025 and 2026 batches with a B E B Tech M E M Tech MCA BCA MCA or B Sc or other relevant technical and engineering degrees are eligible to apply Check eligibility skills required job description and selection process How To Apply below,"Bangalore, Karnataka",2026-08-04T06:48:42Z,[]
Software Engineering Intern Full Stack Net Angular Sahibzada Ajit Singh,Important Company of the Sector,We are looking for an enthusiastic Software Engineering Intern with a strong interest in full stack development As part of our team you will gain hands on experience building real features across backend and frontend using C NET PostgreSQL and Angular You will be directly involved in designing coding and deploying applications that impact real users Key Responsibilities Develop backend services and APIs using C and NET Core Build and enhance user facing features with Angular Design implement an…,"Mohali, Punjab",2026-08-18T07:15:47Z,"['c', 'postgresql', 'angular']"
Remote 2026 PhD Software Engineer Intern Container Platform United States,remotepromsp,Note The job is a remote job and is reputed company to candidates in USA reputed company is seeking PhD candidates to join their Container Platform team as interns during the summer of 2026 The role involves contributing to the research and development of software and algorithms for optimizing Compute resources and improving the efficiency and reliability of reputed companys infrastructure ResponsibilitiesDesign and implement solutions to meet Platform goalsWrite maintainable and extensible rep…,India,2026-08-04T06:48:41Z,['algorithms']
Software Engineer Intern AI ML and Agentic AI AI Powered Global Talent,SkillsCapital,Are you passionate about AI LLMs and intelligent systems Do you want to work on productiongrade AI products instead of classroom projects and toy models Do you want to Build Enterprise AI Systems That Power the Future of Global Hiring At SkillsCapital youll build AI that is used by real customers across the U S U K Europe and the Middle Easthelping companies identify evaluate and hire the worlds best technology talent This isnt another internship where youll spend months cleaning datasets or bu…,India,2026-08-18T07:15:47Z,[]
Social Media Marketing Specialist,LV8 Tech,"We’re hiring at LV8 Tech! We’re growing our team and looking for people who want to build, experiment, learn fast, and make a real impact. Software Engineer Intern Get hands-on experience working on real production projects, modern technologies, and problems that actually ship, not just intern busywork. AI Marketing Generalist Work at the intersection of AI, automation, creativity, and growth, with a competitive salary and room to take ownership of ideas. Apply here: https://lv8tech.ai/careers/…","Lucknow, Uttar Pradesh",2026-08-08T05:39:45Z,[]
Software Development Engineer Internship (With PPO),Outbox Labs,"We are seeking SDE Interns, talented individuals with strong knowledge of NodeJS, Typescript, Git and MySQL to join our dynamic team. You'll have the opportunity to work on cutting-edge technologies and contribute to the development of our innovative outbound marketing system. If you are excited about leveraging cutting-edge technology to drive business success, we want to hear from you. What You'll Do: Design, develop, and maintain scalable server-side architecture. Implement and optimize data…","Bangalore, Karnataka",2026-07-25T08:27:42Z,"['typescript', 'mysql', 'git']"
Software engineering internAI and software testing,Dhanvin Hyderabad it solution pvt,Software Engineering Internship Dhanvin IT Solutions hyerabad is looking for passionate and motivated Software Engineering Interns to gain handson experience in Artificial Intelligence AI and Software Testing This internship is ideal for students fresh graduates and career starters who are eager to build technical skills through realworld projects and practical learning Compensation 25 000 00 70 000 00 per month Work Location Remote,India,2026-08-04T06:48:42Z,[]
Software engineering internAI India,Dhanvin Hyderabad it solution pvt,Software Engineering Internship Dhanvin IT Solutions hyerabad is looking for passionate and motivated Software Engineering Interns to gain handson experience in Artificial Intelligence AI and Software Testing This internship is ideal for students fresh graduates and career starters who are eager to build technical skills through realworld projects and practical learning Compensation 25 000 00 70 000 00 per month Work Location Remote,"Kolhapur, Maharashtra",2026-08-18T07:15:47Z,[]
ReStart Consultant Software Engineering Returnship Intern,Ellucian,About Ellucian Ellucian powers innovation for higher education partnering with approximately 3 000 customers across 50 countries serving more than 21 million students Ellucians AIpowered platform trained on the richest dataset available in higher education drives efficiency personalized experiences and strengthened engagement for all students faculty and staff Fueled by decades of experience with a singular focus on the unique needs of learning institutions the Ellucian platform features bestin…,India,2026-08-18T07:15:47Z,[]
Software Engineer Summer Internship India Engineering,Cisco,Please note this posting is to advertise potential job opportunities This exact role may not be open today but could open in the near future When you apply a Cisco representative may contact you directly if a relevant position opens Develop software consistent with Cisco Design Thinking Principles with a focus on simplification using secure coding practices ensuring user privacy and following software development best practices Build applications that make technology accessible to people on a v…,"Bangalore, Karnataka",2026-07-10T06:25:15Z,[]
Intern Software Engineer 2028 Graduates Gurugram,graviton research capital,Software Engineering Intern Every outstanding trading strategy depends on exceptional engineering At Graviton software is the infrastructure that enables every research breakthrough every trading decision and every competitive advantage As a Software Engineering Intern youll spend eight weeks building systems that power our quantitative research and live trading platforms Youll work alongside experienced software engineers quantitative researchers to solve engineering problems where performance…,India,2026-08-04T06:48:41Z,[]
Intern Software Engineer Ultra Low Latency 2028 Graduates Gurugram,graviton research capital,Software Engineering Intern Ultra Low Latency Every nanosecond matters In highfrequency trading every optimization every instruction and every decision can create a measurable competitive advantage At Graviton our software engineers build the systems that power live trading They design infrastructure that processes enormous volumes of market data optimize execution paths measured in nanoseconds and develop technology where performance isnt estimated its measured As a Software Engineering Intern…,India,2026-08-04T06:48:40Z,[]
ReStart Consultant Software Engineering Returnship Intern India,Ellucian,About Ellucian Ellucian powers innovation for higher education partnering with approximately 3 000 customers across 50 countries serving more than 21 million students Ellucians AIpowered platform trained on the richest dataset available in higher education drives efficiency personalized experiences and strengthened engagement for all students faculty and staff Fueled by decades of experience with a singular focus on the unique needs of learning institutions the Ellucian platform features bestin…,India,2026-08-18T07:15:48Z,[]
Freshers Trainee,,"Vaanam technologies HIRING Fresher (2019 & 2020 passed out) in Coimbatore Job Description : The Software Engineer Intern will develop software and implement processes to meet various business goals. He or she will be a member of one of our software development teams, where they will have a chance to work with and learn from experienced software engineers and analysts. Employment Opportunity : This position may also lead to full-time employment upon the performance. Essential Job Functions and R…","Coimbatore, Tamil Nadu",2024-05-10T07:38:20Z,[]
Software Development Engineer (Associate/Intern),Alpha,"Software Development Engineer (Associate/Intern) Location: Remote (India preferred) | Type: Full-time | Compensation: Competitive salary  early-stage stock options  About Alpha Modern revenue teams juggle 10 point-solutions. Alpha unifies them into an agent-powered platform that plans, executes, and optimises GTM campaigns—so every touch happens on the right channel, at the right time, with the right context. Alpha is building the world’s most intuitive AI stack for revenue teams —to engage, co…",India,2026-07-09T15:07:06Z,[]
Software Development Engineer Backend Intern,Juspay Technologies,Software Development Engineer Backend Intern at Juspay is a genuinely different kind of internship listing most companies bury their tech stack in a generic modern technologies line but Juspay states directly that its built its entire core business logic in functional programming and describes itself as the largest company in the world doing so at this scale Understanding Juspays actual scale before applying This isnt a small fintech startup Juspay is a multinational payments technology company…,"Bangalore, Karnataka",2026-08-25T07:17:25Z,[]
Software Developer Intern,Lakshagath Enterprises,Software Engineer Intern AIAssisted Product Development We are looking for Software Engineers Freshers Interns who enjoy building products solving realworld problems and continuously learning new technologies At Lakshagath Enterprises we build multiple software products across web mobile desktop AI automation cloud and media platforms We believe strong engineering fundamentals are more important than expertise in any single programming language or framework We actively use modern AI development…,"Kanchipuram, Tamil Nadu",2026-08-25T07:17:26Z,[]
Software Development Engineering Web Internship in Hyderabad,Business Labs,Selected Interns Daytoday Responsibilities Include Build portals or software known as directories like Justdial Indiamart UrbanClap Shaadi WeddingWire or niche directories Build for startups Build automations and agentic AI systems Commitment First 6 months Internship Next 18 months Job Total commitment 24 months Stipend during internship 10 000 mo to 15 000 mo Salary during job Up to 4 LPA Selection Process Day 1 Aptitude group discussion technical round and first screening MVP Project starts …,"Hyderabad, Telangana",2026-08-25T07:17:26Z,[]
Software Developer Intern Whitefield,Eastencher software,Software Developer Intern Duration 8 Months Stipend 9 500 per month Including PF Benefits Location Bangalore Start Date Immediate Joiners Preferred About the Role We are looking for a passionate and enthusiastic Software Developer Intern to join our development team This internship is an excellent opportunity for candidates who are eager to gain handson experience in software development while working on realtime projects under the guidance of experienced professionals Key Responsibilities Assi…,"Bangalore Rural, Karnataka",2026-08-18T07:15:52Z,[]
Software Developer Intern,Eastencher Software Pvt Ltd,Software Developer Intern Duration 8 Months Stipend 9 500 per month Including PF Benefits Location Bangalore Start Date Immediate Joiners Preferred About the Role We are looking for a passionate and enthusiastic Software Developer Intern to join our development team This internship is an excellent opportunity for candidates who are eager to gain handson experience in software development while working on realtime projects under the guidance of experienced professionals Key Responsibilities Assi…,"Bangalore, Karnataka",2026-08-25T07:17:26Z,[]
Summer 2027 Intern - Software Engineer,Salesforce,"To get the best candidate experience, please consider applying for a maximum of 3 roles within 12 months to ensure you are not duplicating efforts. About Futureforce University Recruiting Our Futureforce University Recruiting program is dedicated to attracting, retaining and cultivating talent. Our interns and new graduates work on real projects that affect how our business runs, giving them the opportunity to make a tangible impact on the future of our company. With offices all over the world,…","Bangalore, Karnataka",2026-08-05T20:48:47Z,[]
CrashPlan Hiring Software Developer Intern 2025 Bengaluru,StudyECart Technologies Pvt Ltd,Software Developer Intern at CrashPlan Bengaluru India 6 0 LPA Estimated B E B Tech B Sc Posted 20250102 Deadline 20250330 About CrashPlan CrashPlan provides cyberready data resilience and governance in a single platform for organizations whose ideas power their revenue With its comprehensive backup and recovery capabilities for data stored on servers endpoint devices and SaaS applications CrashPlan is trusted by entrepreneurs and businesses worldwide to ensure safety and compliance without dis…,"Bangalore, Karnataka",2026-08-04T06:48:40Z,[]
Intern AINative Software Engineering,Chegg,Role Overview As an intern at Chegg you will have the opportunity to work with a modern and cuttingedge tech stack contributing to endtoend feature development and collaborating with crossfunctional teams to deliver impactful solutions that reach millions of students worldwide You will be surrounded by experienced engineering professionals who will challenge you to grow and become a stronger engineer This internship provides a handson experience where you can write real code solve real problems…,India,2026-06-29T06:21:23Z,[]
Internship For Software Engineers - Freshers,Ladybird Web Solution Pvt Ltd,Overview Ladybird Web Solution is offering an internship programme for freshers to start their careers in the field of software development. Purpose of this engagement is to hire good candidates and offer them full time job after they finish the internship. Who are we looking for? Freshers graduated from reputed engineering colleges in India Candidate having Creative Thinking and Original Approach Willingness & ability to learn & work on new technologies Responsibilities/Learning As part of the…,"Dharmapuri, Tamil Nadu",2026-08-16T08:56:16Z,[]
Internship For Software Engineers - Freshers,Ladybird Web Solution Pvt Ltd,Introduction Ladybird Web Solution is offering an internship programme for freshers to start their careers in the field of software development. Purpose of this engagement is to hire good candidates and offer them full time job after they finish the internship. Who are we looking for? Freshers graduated from reputed engineering colleges in India Candidate having Creative Thinking and Original Approach Willingness & ability to learn & work on new technologies Responsibilities/Learning As part of…,"Jammu, Jammu and Kashmir",2026-08-07T16:52:35Z,[]
Internship For Software Engineers - Freshers,Ladybird Web Solution Pvt Ltd,Introduction Ladybird Web Solution is offering an internship programme for freshers to start their careers in the field of software development. Purpose of this engagement is to hire good candidates and offer them full time job after they finish the internship. Who are we looking for? Freshers graduated from reputed engineering colleges in India Candidate having Creative Thinking and Original Approach Willingness & ability to learn & work on new technologies Responsibilities/Learning As part of…,"Somwarpet, Kodagu",2026-08-07T16:52:35Z,[]
Intern AINative Software Engineering,Chegg,Role Overview As an intern at Chegg you will have the opportunity to work with a modern and cuttingedge tech stack contributing to endtoend feature development and collaborating with crossfunctional teams to deliver impactful solutions that reach millions of students worldwide You will be surrounded by experienced engineering professionals who will challenge you to grow and become a stronger engineer This internship provides a handson experience where you can write real code solve real problems…,India,2026-08-18T07:15:47Z,[]
Junior Software Engineer Full stack Intern Cloud Counselage,OpenTalent,TO GET TIMELY UPDATES ON JOB OPENINGS FEEL FREE TO JOIN OUR COMMUNITY https www industryacademiacommunity com 4L MEMBERS FROM 35 COUNTRIES Job Overview Looking for a Junior Software Engineer Full Stack Intern to liaise with the Telecom department for developing applications in sync with the Electronic Equipment Relay Board etc No prior knowledge of Electronics is required They are someone currently living in Mumbai central or western regions preferred and can join immediately or within 15 days …,"Mumbai, Maharashtra",2026-08-04T06:48:40Z,[]
Remote Software Development Test Engineer Intern Trust and Safety QA,remote zest jobs,Note The job is a remote job and is reputed company to candidates in USA reputed company is the leading destination for shortreputed company mobile video and they are seeking an intern for the Summer of 2026 The role involves ensuring project quality reputed company to reputed company content safety and collaborating with teams to enhance internal tools and frameworks Responsibilities Work closely with RD peers to ensure project quality that meets functional and user experience standards and ex…,India,2026-08-04T06:48:40Z,[]
Remote Software Development Engineer in Test Intern reputed,FlexBoard,Note The job is a remote job and is reputed company to candidates in USA reputed company is the leading destination for shortreputed company mobile video and they are seeking a Software Development Engineer in Test Intern for the reputed company of 2026 The intern will be responsible for the entire reputed company testing process including designing and executing test plans conducting defect tracking and collaborating with automation and performance test teams Responsibilities Be responsible fo…,India,2026-08-25T07:17:26Z,[]
Senior Associate Software Engineering Fullstack,Capital One,Voyager 94001 India Bangalore Karntaka Senior Associate Software Engineering Fullstack At Capital One we think big and do bigger things We were the first company to develop and offer mass customization and personalization of credit card auto loans and other financial services products and we have been innovating relentlessly ever since Today we are a progressive financial services powerhouse spanning Credit Cards Auto Loans Savings and Commercial Banking and at the same time a hightech company …,"Bangalore, Karnataka",2026-08-18T07:15:47Z,[]
Software Development Engineer in Test Intern (SDET Intern),"Automation Anywhere, Inc.","IN Bengaluru Full time JR1474 About Us Automation Anywhere is the leader in Agentic Process Automation (APA), transforming how work gets done with AI-powered automation. Its APA system, built on the industry's first Process Reasoning Engine (PRE) and specialized AI agents, combines process discovery, RPA, end-to-end orchestration, document processing, and analytics-all delivered with enterprise-grade security and governance. Guided by its vision to fuel the future of work, Automation Anywhere h…","Bangalore, Karnataka",2026-08-13T11:01:40Z,[]
Software Development Engineer in Test Intern (SDET Intern),AutoStore System,"About Us Automation Anywhere is the leader in Agentic Process Automation (APA), transforming how work gets done with AI-powered automation. Its APA system, built on the industry’s first Process Reasoning Engine (PRE) and specialized AI agents, combines process discovery, RPA, end-to-end orchestration, document processing, and analytics—all delivered with enterprise-grade security and governance. Guided by its vision to fuel the future of work, Automation Anywhere helps organizations worldwide b…",India,2026-08-13T20:47:10Z,[]
Software Development Engineer in Test Intern SDET Intern,Automation Anywhere,About Us Automation Anywhere is the leader in Agentic Process Automation APA transforming how work gets done with AIpowered automation Its APA system built on the industrys first Process Reasoning Engine PRE and specialized AI agents combines process discovery RPA endtoend orchestration document processing and analyticsall delivered with enterprisegrade security and governance Guided by its vision to fuel the future of work Automation Anywhere helps organizations worldwide boost productivity ac…,"Bangalore, Karnataka",2026-08-18T07:15:47Z,[]
Intern Software Engineer 2028 Graduates Graviton Research Capital,OpenTalent,Intern Software Engineer 2028 Graduates at Graviton Research Capital Key technologies Software Development System Design Problem Solving Key Responsibilities Design develop and maintain scalable software systemsWrite clean welltested and documented codeParticipate in code reviews and contribute to engineering best practicesCollaborate with product and design teams to deliver featuresRequirements 1 years of relevant experience in software engineerExperience with software design patterns and arch…,India,2026-08-04T06:48:40Z,['system design']
Intern Ai Software Engineer Bengaluru India,Way2agribusines,Qualification Dip BE B Tech B Sc M Tech M Sc in CS IT IS ECE BCA MCA Required Skills AI ML models building Next js Django Rest API FastAPI Mob App Dev React Native Flutter DevOps SEO Onpage Digital Mktg Salary Rs 10000 for the first 3 months to Rs 12000 for the remaining period per month Scope of Learning and Growth Full stack developer covering advanced AI ML Python Java Script tech stack enhancement SEO and digital market innovations Assured job after internship based on the performance Discl…,"Bangalore, Karnataka",2026-08-04T06:48:40Z,"['python', 'java', 'react', 'django', 'fastapi', 'rest api']"
UI / UX Designer,HereNow,"Your goal a will be help us design the UI and UX construction for HereNow with a broad scope and evolving objectives. You contribute to the overall product strategy through concept generation, prototyping and collaboration to promote feature integration, as well as working with engineers to design user experiments to test your designs. You design everything from high-level product flow to detailed UI mockups and then use your expert scripting skills to make your designs a reality. A regular day…","Bangalore, Karnataka",2024-07-31T03:02:24Z,[]
2026 reputed company Intern Software Engineer Autonomous Robot Masters,remote zest jobs,reputed company is seeking highly motivated interns to research and evaluate AIdriven approaches for autonomous robotic systems The role involves handson experimentation algorithm development and integration of multimodal sensor data to advance robotic systems Responsibilities Design and implement highprecision localization reputed company using camera LiDAR reputed company encoder and inertial sensorsreputed company reputed company and reputed companytime localization module optimized for auto…,India,2026-08-18T07:15:47Z,[]
Backend Engineering Intern (Infrastructure Software) â Remote,Springer Capital,"Backend Engineering Intern (Infrastructure Software) – Remote Position Type: Internship (Full-Time or Part-Time) Location: Remote Duration: 12 weeks Compensation: Unpaid (3000 INR is just a placeholder) About the Role We are seeking a motivated Backend Developer Intern to join our engineering team and contribute to building scalable, efficient, and secure backend services. This internship offers hands-on experience in API development, database management, and backend architecture, with guidance…",India,2026-01-26T11:22:17Z,[]
Software Engineer I,Kaseya,"About Kaseya Kaseya is the leading provider of AI-powered IT management and cybersecurity software, serving Managed Service Providers (MSPs) and internal IT organizations worldwide. Our comprehensive platform helps organizations efficiently manage, secure, and automate their IT environments, driving operational efficiency and long-term business success. Backed by Insight Partners , a leading global software investor, Kaseya has experienced sustained double-digit growth and continues to expand i…","Pune, Maharashtra",2026-08-16T20:57:25Z,[]
Senior Software Engineer/Interview Engineer,Ajackus,"Location: Remote (India) Employment Type: Full-time Experience: 5 Years About the Opportunity: Ajackus is hiring experienced Software Engineers to join a global technical interviewing program for one of the world’s leading engineering interview platforms. This is a unique opportunity to leverage your software engineering expertise while helping technology companies hire exceptional engineers worldwide. If you enjoy solving coding problems, discussing software design, mentoring engineers, and ha…","Mumbai, Maharashtra",2026-08-22T05:51:25Z,[]
Engineer I - Cloud Support Engineer,GCC India,"Where Ambition Meets Innovation At LPL’s Global Capability Center , you'll find a collaborative culture where your voice matters, integrity guides every decision, and technology fuels progress. Your skills, talents, and ideas will redefine what's possible. LPL's success reflects its exceptional employees, who together pursue one noble purpose: empowering financial advisors to deliver personalized advice for all who need it. We’re proud to be expanding and reaching new heights in Hyderabad. Join…","Hyderabad, Telangana",2026-08-08T20:56:57Z,[]
2026 6 Months Internship bangalore India Software Engineering,Zebra Technologies,Remote Work No Overview At Zebra we are a community of innovators who come together to create new ways of working United by curiosity and a culture of caring we develop smart solutions that anticipate our customer s and partner s needs and solve their challenges Being a part of Zebra Nation means you are seen heard valued and respected Drawing from our unique perspectives we collaborate to deliver on our purpose Here you are a part of a team pushing boundaries today to redefine the work of tomo…,India,2026-08-25T07:17:27Z,[]
Cloud Developer,Rohini IT Consulting LLP,"Minimum requirements 5 years of industry software engineering experience (does not include internships nor includes co-ops) Strong coding skills in any programming language (we understand new languages can be learned on the job so our interview process is language agnostic) Strong collaboration skills, can work across workstreams within your team and contribute to your peers’ success Have the ability to thrive on a high level of autonomy, responsibility, and think of yourself as entrepreneurial…","Pune, Maharashtra",2025-06-05T05:01:22Z,[]
Hiring for HR Interns,Infasta Soft Solutions Pvt Ltd,"Description Infasta Soft Solutions Pvt Ltd is excited to announce an opening for HR Interns to join our team in Seunderabad. This on-site internship offers a unique opportunity for aspiring HR professionals to gain hands-on experience in the dynamic field of Computer Software and Engineering. As an HR Intern, you will assist in various HR functions, including recruitment, employee engagement, and administrative tasks. This role is designed to provide valuable exposure to the HR processes within…",India,2026-02-01T03:58:10Z,[]
Senior Software developer,Mango Consulting,"Duties and Responsibilities Participate in requirements Maintain and improve web Design mobile-based web features. Work closely with Scrum team to ensure quality throughout the entire software development Maintain high standards of software quality by establishing, adopting and following good practices and processes Monitor systems to ensure they meet both customer needs and business goals Solve problems by crafting software solutions using maintainable, testable and modular code Collaborate wi…","Bangalore, Karnataka",2021-08-14T21:16:57Z,['scrum']
Frontend Engineer,AfterQuery Experts,"AfterQuery is looking for experts with experience in software engineering, computer science, or app/web development to help train and evaluate AI models. This is a remote, project-based role: qualify once through a single assessment and receive ongoing project matches spanning code review, evaluation, and original task creation. Pay ranges from $50 to $100/hour depending on the projects you qualify into. Why Apply Competitive Pay: $50–$100/hour across the project pool One Assessment, Ongoing Ma…","Hyderabad, Telangana",2026-08-04T21:36:41Z,[]
Senior Lead Software Engineer,Capital One,"Voyager (94001), India, Bangalore, Karnataka Senior Lead Software Engineer About Capital One Capital One has been a pioneer through our tech journey as the first large bank to go all in on the public cloud, while operating in a complex and highly regulated business environment. We have built out a large engineering organization, moved to the cloud, re-architected our applications and data platforms, and embraced machine learning at scale. Our AI/ML capabilities are now at the forefront of what'…","Bangalore, Karnataka",2026-08-17T11:14:02Z,['machine learning']
Senior Lead Software Engineer,Capital One,"Voyager (94001), India, Bangalore, Karnātaka Senior Lead Software Engineer About Capital One Capital One has been a pioneer through our tech journey as the first large bank to go all in on the public cloud, while operating in a complex and highly regulated business environment. We have built out a large engineering organization, moved to the cloud, re-architected our applications and data platforms, and embraced machine learning at scale. Our AI/ML capabilities are now at the forefront of what’…",India,2026-08-16T20:46:44Z,['machine learning']
Frontend Engineer,iocombats,"AfterQuery Experts Hyderabad, Telangana, India Posted about 22 hours agosvg]:size-3 gap-1 [&>svg]:pointer-events-none focus-visible:border-ring focus-visible:ring-ring/50 focus-visible:ring-[3px] aria-invalid:ring-destructive/20 dark:aria-invalid:ring-destructive/40 aria-invalid:border-destructive transition-[color,box-shadow] overflow-hidden border-transparent bg-secondary text-secondary-foreground [a&]:hover:bg-secondary/90"">CONTRACTOR AfterQuery is looking for experts with experience in soft…","Hyderabad, Telangana",2026-08-06T16:05:17Z,[]
AI Solutions Engineer 1,Allegis Global Solutions,"Company Description Working at Allegis Global Solutions (AGS) is more than just a job. It's a career. It's a community of people who invest in your development and empower you to blaze your own trail. Each of us is here to create real, measurable impact that moves needles. We operate beyond ""roles"" or ""jobs"" to realize the opportunity to make meaningful contributions to a bigger idea. Because we believe that when you build a workforce that's designed to harness human enterprise, you design a wo…","Bangalore, Karnataka",2026-05-24T10:10:56Z,[]
Embedded Software Intern India,SatSure Analytics India,About KaleidEO KaleidEO a subsidiary of SatSure is an upstream leader in Earth Observation building a fullstack company from India As an analyticsfirst payload innovator we specialize in building nextgeneration highresolution multispectral payloads with edge computing and wide coverage capabilities Rooted in SatSures legacy of building applications across sectors like Utilities Agriculture Aviation BFSI and Climate Action KaleidEO also provides endtoend EO solutionsfrom payload development and …,India,2026-08-04T06:48:42Z,[]
Senior Analyst,NAB,"Job Title: Senior Analyst Work Type: Permanent Location: DLF Downtown, Sector 25A Phase 3, Block 4 It’s more than a career at NAB. It’s about more meaningful work, more global opportunities and more innovation beyond boundaries . Your job is just one part of your life. When you bring your ideas, energy, and hunger for growth, you’ll be recognised and rewarded for your contribution in return. You’ll have our support to excel for our customers, deliver positive change for our communities and grow…",India,2026-08-06T20:57:05Z,[]
Associate Vice President,NAB,"Job Title: Associate Vice President Work Type: Permanent Location: DLF Downtown, Sector 25A Phase 3, Block 4 It’s more than a career at NAB. It’s about more meaningful work, more global opportunities and more innovation beyond boundaries . Your job is just one part of your life. When you bring your ideas, energy, and hunger for growth, you’ll be recognised and rewarded for your contribution in return. You’ll have our support to excel for our customers, deliver positive change for our communitie…",India,2026-08-04T20:39:22Z,[]
Agentic AI Engineer,TraceLink,"Company overview: TraceLink is the world’s largest Agentic Business Network, enabling life sciences and healthcare companies to build and manage a scalable digital workforce of governed, no-code AI agents that execute and coordinate mission-critical supply chain operations alongside human teams. Powered by the Integrate-Once™ OPUS platform, TraceLink links more than 300,000 network participants, enabling multi-enterprise processes at global scale. Founded in 2009 with the simple mission of prot…",India,2026-03-26T01:54:17Z,[]
Flutter Developer,Nexus Venture Partners,"Tijoree at a glance Founded in 2021 10 - 50 Employee reviews Overall 4.7 Work-Life Balance 4.3 Salary and Benefits 4.6 Company Culture 4.3 Career Growth 4.5 Diversity and Inclusion 4.6 Will Recommend to Friends 4.6 Flutter Developer Tijoree Mumbai3-5 Years Apply to Tijoree Apply to Tijoree About Tijoree Tijoree is a B2B fintech neobank simplifying business banking and credit for Indian businesses. We believe that Indian businesses, both small and large, are underserved financially, and we aim t…","Mumbai, Maharashtra",2026-08-16T16:03:18Z,[]
Head of Merchandising & Discovery,Nexus Venture Partners,"Slikk at a glance Founded in 2024 50 - 200 Head of Merchandising & Discovery Slikk Bangalore10-14 Years Apply to Slikk Apply to Slikk About Slikk Slikk is a Series A fashion quick-commerce startup based in Bangalore, building a new way to shop for fashion - fast, discovery-led, and on-demand. We deliver curated apparel, accessories, and lifestyle products from leading and emerging brands to customers' doorsteps in under 60 minutes. Designed for Gen Z and young urban consumers, Slikk combines fe…","Bangalore, Karnataka",2026-08-12T05:43:15Z,[]
